{
  "roc_auc": 0.9042922046867528,
  "avg_precision": 0.8993812552310998,
  "brier": 0.12276870367249279
}