{
  "roc_auc": 0.9017216642754663,
  "avg_precision": 0.9006401314772405,
  "brier": 0.12416616456620137
}