{
  "roc_auc": 0.8960425633668101,
  "avg_precision": 0.8860054136289157,
  "brier": 0.1295157937612339
}