{
  "ece_uncalibrated": 0.05667235864245372,
  "ece_calibrated": 0.05064135974516041
}